player_id,full_name,first_name,last_name,position,GP,PTS,REB,AST,STL,BLK,FG_PCT,FT_PCT,FG3_PCT,POS
1630173,Precious Achiuwa,Precious,Achiuwa,precious_achiuwa,43.666666666666664,314.6666666666667,268.0,50.666666666666664,31.0,36.666666666666664,0.4953333333333334,0.6026666666666667,0.27166666666666667,precious_achiuwa
203500,Steven Adams,Steven,Adams,steven_adams,58.666666666666664,371.3333333333333,524.0,139.66666666666666,41.0,44.666666666666664,0.5630000000000001,0.4563333333333334,0.0,steven_adams
1628389,Bam Adebayo,Bam,Adebayo,bam_adebayo,74.66666666666667,1435.3333333333333,724.6666666666666,285.0,89.0,60.0,0.5153333333333333,0.7753333333333333,0.26566666666666666,bam_adebayo
1630534,Ochai Agbaji,Ochai,Agbaji,ochai_agbaji,47.333333333333336,374.0,152.66666666666666,60.333333333333336,35.0,24.666666666666668,0.4383333333333333,0.6896666666666667,0.31566666666666665,ochai_agbaji
