player_id,full_name,first_name,last_name,position,GP,PTS,REB,AST,STL,BLK,FG_PCT,FT_PCT,FG3_PCT,POS
1630173,Precious Achiuwa,Precious,Achiuwa,precious_achiuwa,43.666666666666664,314.6666666666667,268.0,50.666666666666664,31.0,36.666666666666664,0.4953333333333334,0.6026666666666667,0.27166666666666667,precious_achiuwa
